school_name,links,team_id,year
Adams St.,/teams/62354,62354,2014
Albany St. (GA),/teams/62268,62268,2014
Alderson Broaddus,/teams/62355,62355,2014
American Int'l,/teams/62269,62269,2014
Angelo St.,/teams/62270,62270,2014
Ark.-Monticello,/teams/62395,62395,2014
Arkansas Tech,/teams/62356,62356,2014
Ashland,/teams/62271,62271,2014
Assumption,/teams/62272,62272,2014
Augustana (SD),/teams/62273,62273,2014
Bemidji St.,/teams/62274,62274,2014
Benedict,/teams/62275,62275,2014
Bentley,/teams/62276,62276,2014
Black Hills St.,/teams/62426,62426,2014
Bloomsburg,/teams/62277,62277,2014
Bowie St.,/teams/62278,62278,2014
Brevard,/teams/62417,62417,2014
CSU Pueblo,/teams/62390,62390,2014
Cal Poly Humboldt,/teams/62298,62298,2014
California (PA),/teams/62279,62279,2014
Carson-Newman,/teams/62357,62357,2014
Catawba,/teams/62358,62358,2014
Central Mo.,/teams/62280,62280,2014
Central Okla.,/teams/62359,62359,2014
Central St. (OH),/teams/62414,62414,2014
Central Wash.,/teams/62360,62360,2014
Chadron St.,/teams/62361,62361,2014
Charleston (WV),/teams/62362,62362,2014
Cheyney,/teams/62281,62281,2014
Chowan,/teams/62400,62400,2014
Clarion,/teams/62282,62282,2014
Clark Atlanta,/teams/62283,62283,2014
Colo. Sch. of Mines,/teams/62284,62284,2014
Colorado Mesa,/teams/62409,62409,2014
Concord,/teams/62363,62363,2014
Concordia-St. Paul,/teams/62405,62405,2014
Delta St.,/teams/62285,62285,2014
East Central,/teams/62401,62401,2014
East Stroudsburg,/teams/62286,62286,2014
East Texas A&M,/teams/62287,62287,2014
Eastern N.M.,/teams/62288,62288,2014
Edinboro,/teams/62289,62289,2014
Elizabeth City St.,/teams/62290,62290,2014
Emporia St.,/teams/62364,62364,2014
Fairmont St.,/teams/62365,62365,2014
Fayetteville St.,/teams/62291,62291,2014
Ferris St.,/teams/62292,62292,2014
Findlay,/teams/62366,62366,2014
Florida Tech,/teams/62293,62293,2014
Fort Hays St.,/teams/62402,62402,2014
Fort Lewis,/teams/62367,62367,2014
Fort Valley St.,/teams/62294,62294,2014
Gannon,/teams/62295,62295,2014
Glenville St.,/teams/62368,62368,2014
Grand Valley St.,/teams/62296,62296,2014
Harding,/teams/62369,62369,2014
Henderson St.,/teams/62370,62370,2014
Hillsdale,/teams/62297,62297,2014
Indiana (PA),/teams/62299,62299,2014
Johnson C. Smith,/teams/62301,62301,2014
Kentucky St.,/teams/62302,62302,2014
Kutztown,/teams/62304,62304,2014
Ky. Wesleyan,/teams/62303,62303,2014
LIU Post,/teams/62311,62311,2014
Lake Erie,/teams/62391,62391,2014
Lane,/teams/62305,62305,2014
Lenoir-Rhyne,/teams/62372,62372,2014
Lincoln (MO),/teams/62306,62306,2014
Lincoln (PA),/teams/62307,62307,2014
Lindenwood,/teams/62427,62427,2014
Livingstone,/teams/62309,62309,2014
Lock Haven,/teams/62310,62310,2014
MSU Moorhead,/teams/62375,62375,2014
Malone,/teams/62428,62428,2014
Mars Hill,/teams/62373,62373,2014
Mary,/teams/62416,62416,2014
McKendree,/teams/62429,62429,2014
McMurry,/teams/62396,62396,2014
Mercyhurst,/teams/62313,62313,2014
Merrimack,/teams/62314,62314,2014
Michigan Tech,/teams/62315,62315,2014
Midwestern St.,/teams/62374,62374,2014
Miles,/teams/62316,62316,2014
Millersville,/teams/62317,62317,2014
Minn. Duluth,/teams/62318,62318,2014
Minn.-Crookston,/teams/62413,62413,2014
Minnesota St.,/teams/62312,62312,2014
Minot St.,/teams/62422,62422,2014
Missouri S&T,/teams/62319,62319,2014
Missouri Western,/teams/62404,62404,2014
Mo. Southern St.,/teams/62403,62403,2014
Morehouse,/teams/62320,62320,2014
N.M. Highlands,/teams/62397,62397,2014
Neb.-Kearney,/teams/62371,62371,2014
New Haven,/teams/62322,62322,2014
Newberry,/teams/62376,62376,2014
North Ala.,/teams/62323,62323,2014
North Greenville,/teams/62406,62406,2014
Northeastern St.,/teams/62410,62410,2014
Northern Mich.,/teams/62325,62325,2014
Northern St.,/teams/62377,62377,2014
Northwest Mo. St.,/teams/62326,62326,2014
Northwood,/teams/62327,62327,2014
Notre Dame (OH),/teams/62423,62423,2014
Ohio Dominican,/teams/62420,62420,2014
Okla. Panhandle,/teams/62412,62412,2014
Omaha,/teams/62321,62321,2014
Ouachita Baptist,/teams/62378,62378,2014
Pace,/teams/62328,62328,2014
Pittsburg St.,/teams/62379,62379,2014
Quincy,/teams/62330,62330,2014
Saginaw Valley,/teams/62331,62331,2014
Saint Augustine's,/teams/62333,62333,2014
Seton Hill,/teams/62415,62415,2014
Shaw,/teams/62336,62336,2014
Shepherd,/teams/62408,62408,2014
Shippensburg,/teams/62337,62337,2014
Simon Fraser,/teams/62424,62424,2014
Sioux Falls,/teams/62425,62425,2014
Slippery Rock,/teams/62338,62338,2014
South Dakota Mines,/teams/62430,62430,2014
Southeastern Okla.,/teams/62380,62380,2014
Southern Ark.,/teams/62381,62381,2014
Southern Conn. St.,/teams/62339,62339,2014
Southwest Baptist,/teams/62392,62392,2014
Southwest Minn. St.,/teams/62398,62398,2014
Southwestern Okla.,/teams/62399,62399,2014
St. Anselm,/teams/62332,62332,2014
St. Cloud St.,/teams/62334,62334,2014
St. Joseph's (IN),/teams/62335,62335,2014
Stillman,/teams/62340,62340,2014
Stonehill,/teams/62341,62341,2014
Tarleton St.,/teams/62382,62382,2014
Tex. A&M-Kingsville,/teams/62342,62342,2014
Tiffin,/teams/62383,62383,2014
Truman St.,/teams/62324,62324,2014
Tusculum,/teams/62411,62411,2014
Tuskegee,/teams/62343,62343,2014
UIndy,/teams/62300,62300,2014
UNC Pembroke,/teams/62329,62329,2014
Upper Iowa,/teams/62344,62344,2014
Urbana,/teams/62419,62419,2014
Utah Tech,/teams/62418,62418,2014
Valdosta St.,/teams/62345,62345,2014
Virginia St.,/teams/62346,62346,2014
Virginia Union,/teams/62347,62347,2014
Walsh,/teams/62431,62431,2014
Washburn,/teams/62394,62394,2014
Wayne St. (MI),/teams/62348,62348,2014
Wayne St. (NE),/teams/62384,62384,2014
West Ala.,/teams/62308,62308,2014
West Chester,/teams/62349,62349,2014
West Ga.,/teams/62350,62350,2014
West Liberty,/teams/62385,62385,2014
West Tex. A&M,/teams/62351,62351,2014
West Va. Wesleyan,/teams/62407,62407,2014
West Virginia St.,/teams/62386,62386,2014
Western Colo.,/teams/62393,62393,2014
Western N.M.,/teams/62387,62387,2014
Western Ore.,/teams/62388,62388,2014
William Jewell,/teams/62421,62421,2014
Wingate,/teams/62389,62389,2014
Winona St.,/teams/62352,62352,2014
Winston-Salem,/teams/62353,62353,2014
Adams St.,/teams/83224,83224,2015
Albany St. (GA),/teams/83136,83136,2015
Alderson Broaddus,/teams/83225,83225,2015
American Int'l,/teams/83137,83137,2015
Angelo St.,/teams/83138,83138,2015
Ark.-Monticello,/teams/83266,83266,2015
Arkansas Tech,/teams/83226,83226,2015
Ashland,/teams/83139,83139,2015
Assumption,/teams/83140,83140,2015
Augustana (SD),/teams/83141,83141,2015
Azusa Pacific,/teams/83303,83303,2015
Bemidji St.,/teams/83142,83142,2015
Benedict,/teams/83143,83143,2015
Bentley,/teams/83144,83144,2015
Black Hills St.,/teams/83297,83297,2015
Bloomsburg,/teams/83145,83145,2015
Bowie St.,/teams/83146,83146,2015
Brevard,/teams/83288,83288,2015
CSU Pueblo,/teams/83261,83261,2015
Cal Poly Humboldt,/teams/83166,83166,2015
California (PA),/teams/83147,83147,2015
Carson-Newman,/teams/83227,83227,2015
Catawba,/teams/83228,83228,2015
Central Mo.,/teams/83148,83148,2015
Central Okla.,/teams/83229,83229,2015
Central St. (OH),/teams/83285,83285,2015
Central Wash.,/teams/83230,83230,2015
Chadron St.,/teams/83231,83231,2015
Charleston (WV),/teams/83232,83232,2015
Cheyney,/teams/83149,83149,2015
Chowan,/teams/83271,83271,2015
Clarion,/teams/83150,83150,2015
Clark Atlanta,/teams/83151,83151,2015
Colo. Sch. of Mines,/teams/83152,83152,2015
Colorado Mesa,/teams/83280,83280,2015
Concord,/teams/83233,83233,2015
Concordia-St. Paul,/teams/83276,83276,2015
Delta St.,/teams/83153,83153,2015
East Central,/teams/83272,83272,2015
East Stroudsburg,/teams/83154,83154,2015
East Texas A&M,/teams/83155,83155,2015
Eastern N.M.,/teams/83156,83156,2015
Edinboro,/teams/83157,83157,2015
Elizabeth City St.,/teams/83158,83158,2015
Emporia St.,/teams/83234,83234,2015
Fairmont St.,/teams/83235,83235,2015
Fayetteville St.,/teams/83159,83159,2015
Ferris St.,/teams/83160,83160,2015
Findlay,/teams/83236,83236,2015
Florida Tech,/teams/83161,83161,2015
Fort Hays St.,/teams/83273,83273,2015
Fort Lewis,/teams/83237,83237,2015
Fort Valley St.,/teams/83162,83162,2015
Gannon,/teams/83163,83163,2015
Glenville St.,/teams/83238,83238,2015
Grand Valley St.,/teams/83164,83164,2015
Harding,/teams/83239,83239,2015
Henderson St.,/teams/83240,83240,2015
Hillsdale,/teams/83165,83165,2015
Indiana (PA),/teams/83167,83167,2015
Johnson C. Smith,/teams/83169,83169,2015
Kentucky St.,/teams/83170,83170,2015
Kutztown,/teams/83172,83172,2015
Ky. Wesleyan,/teams/83171,83171,2015
LIU Post,/teams/83179,83179,2015
Lake Erie,/teams/83262,83262,2015
Lane,/teams/83173,83173,2015
Lenoir-Rhyne,/teams/83242,83242,2015
Limestone,/teams/83243,83243,2015
Lincoln (MO),/teams/83174,83174,2015
Lincoln (PA),/teams/83175,83175,2015
Lindenwood,/teams/83298,83298,2015
Livingstone,/teams/83177,83177,2015
Lock Haven,/teams/83178,83178,2015
MSU Moorhead,/teams/83246,83246,2015
Malone,/teams/83299,83299,2015
Mars Hill,/teams/83244,83244,2015
Mary,/teams/83287,83287,2015
Maryville (MO),/teams/83181,83181,2015
McKendree,/teams/83300,83300,2015
McMurry,/teams/83267,83267,2015
Mercyhurst,/teams/83182,83182,2015
Merrimack,/teams/83183,83183,2015
Michigan Tech,/teams/83184,83184,2015
Midwestern St.,/teams/83245,83245,2015
Miles,/teams/83185,83185,2015
Millersville,/teams/83186,83186,2015
Minn. Duluth,/teams/83187,83187,2015
Minn.-Crookston,/teams/83284,83284,2015
Minnesota St.,/teams/83180,83180,2015
Minot St.,/teams/83293,83293,2015
Mississippi Col.,/teams/83188,83188,2015
Missouri S&T,/teams/83189,83189,2015
Missouri Western,/teams/83275,83275,2015
Mo. Southern St.,/teams/83274,83274,2015
Morehouse,/teams/83190,83190,2015
N.M. Highlands,/teams/83268,83268,2015
Neb.-Kearney,/teams/83241,83241,2015
New Haven,/teams/83191,83191,2015
Newberry,/teams/83247,83247,2015
North Ala.,/teams/83192,83192,2015
North Greenville,/teams/83277,83277,2015
Northeastern St.,/teams/83281,83281,2015
Northern Mich.,/teams/83194,83194,2015
Northern St.,/teams/83248,83248,2015
Northwest Mo. St.,/teams/83195,83195,2015
Northwood,/teams/83196,83196,2015
Notre Dame (OH),/teams/83294,83294,2015
Ohio Dominican,/teams/83291,83291,2015
Okla. Panhandle,/teams/83283,83283,2015
Ouachita Baptist,/teams/83249,83249,2015
Pace,/teams/83197,83197,2015
Paine,/teams/83198,83198,2015
Pittsburg St.,/teams/83250,83250,2015
Quincy,/teams/83200,83200,2015
Saginaw Valley,/teams/83201,83201,2015
Saint Augustine's,/teams/83203,83203,2015
Seton Hill,/teams/83286,83286,2015
Shaw,/teams/83206,83206,2015
Shepherd,/teams/83279,83279,2015
Shippensburg,/teams/83207,83207,2015
Shorter,/teams/83304,83304,2015
Simon Fraser,/teams/83295,83295,2015
Sioux Falls,/teams/83296,83296,2015
Slippery Rock,/teams/83208,83208,2015
South Dakota Mines,/teams/83301,83301,2015
Southeastern Okla.,/teams/83251,83251,2015
Southern Ark.,/teams/83252,83252,2015
Southern Conn. St.,/teams/83209,83209,2015
Southern Nazarene,/teams/83305,83305,2015
Southwest Baptist,/teams/83263,83263,2015
Southwest Minn. St.,/teams/83269,83269,2015
Southwestern Okla.,/teams/83270,83270,2015
St. Anselm,/teams/83202,83202,2015
St. Cloud St.,/teams/83204,83204,2015
St. Joseph's (IN),/teams/83205,83205,2015
Stillman,/teams/83210,83210,2015
Stonehill,/teams/83211,83211,2015
Tarleton St.,/teams/83253,83253,2015
Tex. A&M-Kingsville,/teams/83212,83212,2015
Tiffin,/teams/83254,83254,2015
Truman St.,/teams/83193,83193,2015
Tusculum,/teams/83282,83282,2015
Tuskegee,/teams/83213,83213,2015
UIndy,/teams/83168,83168,2015
UNC Pembroke,/teams/83199,83199,2015
Upper Iowa,/teams/83214,83214,2015
Urbana,/teams/83290,83290,2015
Utah Tech,/teams/83289,83289,2015
Valdosta St.,/teams/83215,83215,2015
Virginia St.,/teams/83216,83216,2015
Virginia Union,/teams/83217,83217,2015
Walsh,/teams/83302,83302,2015
Washburn,/teams/83265,83265,2015
Wayne St. (MI),/teams/83218,83218,2015
Wayne St. (NE),/teams/83255,83255,2015
West Ala.,/teams/83176,83176,2015
West Chester,/teams/83219,83219,2015
West Ga.,/teams/83220,83220,2015
West Liberty,/teams/83256,83256,2015
West Tex. A&M,/teams/83221,83221,2015
West Va. Wesleyan,/teams/83278,83278,2015
West Virginia St.,/teams/83257,83257,2015
Western Colo.,/teams/83264,83264,2015
Western N.M.,/teams/83258,83258,2015
Western Ore.,/teams/83259,83259,2015
William Jewell,/teams/83292,83292,2015
Wingate,/teams/83260,83260,2015
Winona St.,/teams/83222,83222,2015
Winston-Salem,/teams/83223,83223,2015
Adams St.,/teams/19285,19285,2016
Albany St. (GA),/teams/19198,19198,2016
Alderson Broaddus,/teams/19286,19286,2016
American Int'l,/teams/19199,19199,2016
Angelo St.,/teams/19200,19200,2016
Ark.-Monticello,/teams/19327,19327,2016
Arkansas Tech,/teams/19287,19287,2016
Ashland,/teams/19201,19201,2016
Assumption,/teams/19202,19202,2016
Augustana (SD),/teams/19203,19203,2016
Azusa Pacific,/teams/19363,19363,2016
Bemidji St.,/teams/19204,19204,2016
Benedict,/teams/19205,19205,2016
Bentley,/teams/19206,19206,2016
Black Hills St.,/teams/19357,19357,2016
Bloomsburg,/teams/19207,19207,2016
Bowie St.,/teams/19208,19208,2016
Brevard,/teams/19348,19348,2016
CSU Pueblo,/teams/19322,19322,2016
Cal Poly Humboldt,/teams/19228,19228,2016
California (PA),/teams/19209,19209,2016
Carson-Newman,/teams/19288,19288,2016
Catawba,/teams/19289,19289,2016
Central Mo.,/teams/19210,19210,2016
Central Okla.,/teams/19290,19290,2016
Central St. (OH),/teams/19345,19345,2016
Central Wash.,/teams/19291,19291,2016
Chadron St.,/teams/19292,19292,2016
Charleston (WV),/teams/19293,19293,2016
Cheyney,/teams/19211,19211,2016
Chowan,/teams/19331,19331,2016
Clarion,/teams/19212,19212,2016
Clark Atlanta,/teams/19213,19213,2016
Colo. Sch. of Mines,/teams/19214,19214,2016
Colorado Mesa,/teams/19340,19340,2016
Concord,/teams/19294,19294,2016
Concordia-St. Paul,/teams/19336,19336,2016
Delta St.,/teams/19215,19215,2016
East Central,/teams/19332,19332,2016
East Stroudsburg,/teams/19216,19216,2016
East Texas A&M,/teams/19217,19217,2016
Eastern N.M.,/teams/19218,19218,2016
Edinboro,/teams/19219,19219,2016
Elizabeth City St.,/teams/19220,19220,2016
Emporia St.,/teams/19295,19295,2016
Fairmont St.,/teams/19296,19296,2016
Fayetteville St.,/teams/19221,19221,2016
Ferris St.,/teams/19222,19222,2016
Findlay,/teams/19297,19297,2016
Florida Tech,/teams/19223,19223,2016
Fort Hays St.,/teams/19333,19333,2016
Fort Lewis,/teams/19298,19298,2016
Fort Valley St.,/teams/19224,19224,2016
Gannon,/teams/19225,19225,2016
Glenville St.,/teams/19299,19299,2016
Grand Valley St.,/teams/19226,19226,2016
Harding,/teams/19300,19300,2016
Henderson St.,/teams/19301,19301,2016
Hillsdale,/teams/19227,19227,2016
Indiana (PA),/teams/19229,19229,2016
Johnson C. Smith,/teams/19231,19231,2016
Kentucky St.,/teams/19232,19232,2016
Kutztown,/teams/19234,19234,2016
Ky. Wesleyan,/teams/19233,19233,2016
LIU Post,/teams/19241,19241,2016
Lake Erie,/teams/19323,19323,2016
Lane,/teams/19235,19235,2016
Lenoir-Rhyne,/teams/19303,19303,2016
Limestone,/teams/19304,19304,2016
Lincoln (MO),/teams/19236,19236,2016
Lincoln (PA),/teams/19237,19237,2016
Lindenwood,/teams/19358,19358,2016
Livingstone,/teams/19239,19239,2016
Lock Haven,/teams/19240,19240,2016
MSU Moorhead,/teams/19307,19307,2016
Malone,/teams/19359,19359,2016
Mars Hill,/teams/19305,19305,2016
Mary,/teams/19347,19347,2016
McKendree,/teams/19360,19360,2016
Mercyhurst,/teams/19243,19243,2016
Merrimack,/teams/19244,19244,2016
Michigan Tech,/teams/19245,19245,2016
Midwestern St.,/teams/19306,19306,2016
Miles,/teams/19246,19246,2016
Millersville,/teams/19247,19247,2016
Minn. Duluth,/teams/19248,19248,2016
Minn.-Crookston,/teams/19344,19344,2016
Minnesota St.,/teams/19242,19242,2016
Minot St.,/teams/19353,19353,2016
Mississippi Col.,/teams/19249,19249,2016
Missouri S&T,/teams/19250,19250,2016
Missouri Western,/teams/19335,19335,2016
Mo. Southern St.,/teams/19334,19334,2016
Morehouse,/teams/19251,19251,2016
N.M. Highlands,/teams/19328,19328,2016
Neb.-Kearney,/teams/19302,19302,2016
New Haven,/teams/19252,19252,2016
Newberry,/teams/19308,19308,2016
North Ala.,/teams/19253,19253,2016
North Greenville,/teams/19337,19337,2016
Northeastern St.,/teams/19341,19341,2016
Northern Mich.,/teams/19255,19255,2016
Northern St.,/teams/19309,19309,2016
Northwest Mo. St.,/teams/19256,19256,2016
Northwestern Okla.,/teams/19366,19366,2016
Northwood,/teams/19257,19257,2016
Notre Dame (OH),/teams/19354,19354,2016
Ohio Dominican,/teams/19351,19351,2016
Okla. Baptist,/teams/19368,19368,2016
Okla. Panhandle,/teams/19343,19343,2016
Ouachita Baptist,/teams/19310,19310,2016
Pace,/teams/19258,19258,2016
Paine,/teams/19259,19259,2016
Pittsburg St.,/teams/19311,19311,2016
Quincy,/teams/19261,19261,2016
Saginaw Valley,/teams/19262,19262,2016
Saint Augustine's,/teams/19264,19264,2016
Seton Hill,/teams/19346,19346,2016
Shaw,/teams/19267,19267,2016
Shepherd,/teams/19339,19339,2016
Shippensburg,/teams/19268,19268,2016
Shorter,/teams/19364,19364,2016
Simon Fraser,/teams/19355,19355,2016
Sioux Falls,/teams/19356,19356,2016
Slippery Rock,/teams/19269,19269,2016
South Dakota Mines,/teams/19361,19361,2016
Southeastern Okla.,/teams/19312,19312,2016
Southern Ark.,/teams/19313,19313,2016
Southern Conn. St.,/teams/19270,19270,2016
Southern Nazarene,/teams/19365,19365,2016
Southwest Baptist,/teams/19324,19324,2016
Southwest Minn. St.,/teams/19329,19329,2016
Southwestern Okla.,/teams/19330,19330,2016
St. Anselm,/teams/19263,19263,2016
St. Cloud St.,/teams/19265,19265,2016
St. Joseph's (IN),/teams/19266,19266,2016
Stillman,/teams/19271,19271,2016
Stonehill,/teams/19272,19272,2016
Tarleton St.,/teams/19314,19314,2016
Tex. A&M-Kingsville,/teams/19273,19273,2016
Tiffin,/teams/19315,19315,2016
Truman St.,/teams/19254,19254,2016
Tusculum,/teams/19342,19342,2016
Tuskegee,/teams/19274,19274,2016
UIndy,/teams/19230,19230,2016
UNC Pembroke,/teams/19260,19260,2016
UVA Wise,/teams/19367,19367,2016
Upper Iowa,/teams/19275,19275,2016
Urbana,/teams/19350,19350,2016
Utah Tech,/teams/19349,19349,2016
Valdosta St.,/teams/19276,19276,2016
Virginia St.,/teams/19277,19277,2016
Virginia Union,/teams/19278,19278,2016
Walsh,/teams/19362,19362,2016
Washburn,/teams/19326,19326,2016
Wayne St. (MI),/teams/19279,19279,2016
Wayne St. (NE),/teams/19316,19316,2016
West Ala.,/teams/19238,19238,2016
West Chester,/teams/19280,19280,2016
West Ga.,/teams/19281,19281,2016
West Liberty,/teams/19317,19317,2016
West Tex. A&M,/teams/19282,19282,2016
West Va. Wesleyan,/teams/19338,19338,2016
West Virginia St.,/teams/19318,19318,2016
Western Colo.,/teams/19325,19325,2016
Western N.M.,/teams/19319,19319,2016
Western Ore.,/teams/19320,19320,2016
William Jewell,/teams/19352,19352,2016
Wingate,/teams/19321,19321,2016
Winona St.,/teams/19283,19283,2016
Winston-Salem,/teams/19284,19284,2016
Adams St.,/teams/66245,66245,2017
Albany St. (GA),/teams/66160,66160,2017
Alderson Broaddus,/teams/66246,66246,2017
American Int'l,/teams/66161,66161,2017
Angelo St.,/teams/66162,66162,2017
Ark.-Monticello,/teams/66287,66287,2017
Arkansas Tech,/teams/66247,66247,2017
Ashland,/teams/66163,66163,2017
Assumption,/teams/66164,66164,2017
Augustana (SD),/teams/66165,66165,2017
Azusa Pacific,/teams/66325,66325,2017
Bemidji St.,/teams/66166,66166,2017
Benedict,/teams/66167,66167,2017
Bentley,/teams/66168,66168,2017
Black Hills St.,/teams/66319,66319,2017
Bloomsburg,/teams/66169,66169,2017
Bowie St.,/teams/66170,66170,2017
Brevard,/teams/66310,66310,2017
CSU Pueblo,/teams/66282,66282,2017
Cal Poly Humboldt,/teams/66190,66190,2017
California (PA),/teams/66171,66171,2017
Carson-Newman,/teams/66248,66248,2017
Catawba,/teams/66249,66249,2017
Central Mo.,/teams/66172,66172,2017
Central Okla.,/teams/66250,66250,2017
Central St. (OH),/teams/66306,66306,2017
Central Wash.,/teams/66251,66251,2017
Chadron St.,/teams/66252,66252,2017
Charleston (WV),/teams/66253,66253,2017
Cheyney,/teams/66173,66173,2017
Chowan,/teams/66291,66291,2017
Clarion,/teams/66174,66174,2017
Clark Atlanta,/teams/66175,66175,2017
Colo. Sch. of Mines,/teams/66176,66176,2017
Colorado Mesa,/teams/66300,66300,2017
Concord,/teams/66254,66254,2017
Concordia-St. Paul,/teams/66296,66296,2017
Davenport,/teams/66331,66331,2017
Delta St.,/teams/66177,66177,2017
East Central,/teams/66292,66292,2017
East Stroudsburg,/teams/66178,66178,2017
East Texas A&M,/teams/66179,66179,2017
Eastern N.M.,/teams/66180,66180,2017
Edinboro,/teams/66181,66181,2017
Elizabeth City St.,/teams/66182,66182,2017
Emporia St.,/teams/66255,66255,2017
Fairmont St.,/teams/66256,66256,2017
Fayetteville St.,/teams/66183,66183,2017
Ferris St.,/teams/66184,66184,2017
Findlay,/teams/66257,66257,2017
Florida Tech,/teams/66185,66185,2017
Fort Hays St.,/teams/66293,66293,2017
Fort Lewis,/teams/66258,66258,2017
Fort Valley St.,/teams/66186,66186,2017
Gannon,/teams/66187,66187,2017
Glenville St.,/teams/66259,66259,2017
Grand Valley St.,/teams/66188,66188,2017
Harding,/teams/66260,66260,2017
Henderson St.,/teams/66261,66261,2017
Hillsdale,/teams/66189,66189,2017
Indiana (PA),/teams/66191,66191,2017
Johnson C. Smith,/teams/66193,66193,2017
Kentucky St.,/teams/66194,66194,2017
Kutztown,/teams/66196,66196,2017
Ky. Wesleyan,/teams/66195,66195,2017
LIU Post,/teams/66203,66203,2017
Lake Erie,/teams/66283,66283,2017
Lane,/teams/66197,66197,2017
Lenoir-Rhyne,/teams/66263,66263,2017
Limestone,/teams/66264,66264,2017
Lincoln (MO),/teams/66198,66198,2017
Lincoln (PA),/teams/66199,66199,2017
Lindenwood,/teams/66320,66320,2017
Livingstone,/teams/66201,66201,2017
Lock Haven,/teams/66202,66202,2017
MSU Moorhead,/teams/66267,66267,2017
Malone,/teams/66321,66321,2017
Mars Hill,/teams/66265,66265,2017
Mary,/teams/66308,66308,2017
McKendree,/teams/66322,66322,2017
Mercyhurst,/teams/66205,66205,2017
Merrimack,/teams/66206,66206,2017
Michigan Tech,/teams/66207,66207,2017
Midwestern St.,/teams/66266,66266,2017
Miles,/teams/66208,66208,2017
Millersville,/teams/66209,66209,2017
Minn. Duluth,/teams/66210,66210,2017
Minn.-Crookston,/teams/66305,66305,2017
Minnesota St.,/teams/66204,66204,2017
Minot St.,/teams/66315,66315,2017
Mississippi Col.,/teams/66211,66211,2017
Missouri S&T,/teams/66212,66212,2017
Missouri Western,/teams/66295,66295,2017
Mo. Southern St.,/teams/66294,66294,2017
Morehouse,/teams/66213,66213,2017
N.M. Highlands,/teams/66288,66288,2017
Neb.-Kearney,/teams/66262,66262,2017
New Haven,/teams/66214,66214,2017
Newberry,/teams/66268,66268,2017
North Ala.,/teams/66215,66215,2017
North Greenville,/teams/66297,66297,2017
Northeastern St.,/teams/66302,66302,2017
Northern Mich.,/teams/66217,66217,2017
Northern St.,/teams/66269,66269,2017
Northwest Mo. St.,/teams/66218,66218,2017
Northwestern Okla.,/teams/66328,66328,2017
Northwood,/teams/66219,66219,2017
Notre Dame (OH),/teams/66316,66316,2017
Ohio Dominican,/teams/66313,66313,2017
Okla. Baptist,/teams/66330,66330,2017
Okla. Panhandle,/teams/66304,66304,2017
Ouachita Baptist,/teams/66270,66270,2017
Pace,/teams/66220,66220,2017
Pittsburg St.,/teams/66271,66271,2017
Quincy,/teams/66222,66222,2017
Saginaw Valley,/teams/66223,66223,2017
Saint Augustine's,/teams/66225,66225,2017
Seton Hill,/teams/66307,66307,2017
Shaw,/teams/66228,66228,2017
Shepherd,/teams/66299,66299,2017
Shippensburg,/teams/66229,66229,2017
Shorter,/teams/66326,66326,2017
Simon Fraser,/teams/66317,66317,2017
Sioux Falls,/teams/66318,66318,2017
Slippery Rock,/teams/66230,66230,2017
South Dakota Mines,/teams/66323,66323,2017
Southeastern Okla.,/teams/66272,66272,2017
Southern Ark.,/teams/66273,66273,2017
Southern Conn. St.,/teams/66231,66231,2017
Southern Nazarene,/teams/66327,66327,2017
Southwest Baptist,/teams/66284,66284,2017
Southwest Minn. St.,/teams/66289,66289,2017
Southwestern Okla.,/teams/66290,66290,2017
St. Anselm,/teams/66224,66224,2017
St. Cloud St.,/teams/66226,66226,2017
St. Joseph's (IN),/teams/66227,66227,2017
Stonehill,/teams/66232,66232,2017
Tarleton St.,/teams/66274,66274,2017
Tex. A&M-Kingsville,/teams/66233,66233,2017
Tex. Permian Basin,/teams/66309,66309,2017
Tiffin,/teams/66275,66275,2017
Truman St.,/teams/66216,66216,2017
Tusculum,/teams/66303,66303,2017
Tuskegee,/teams/66234,66234,2017
UIndy,/teams/66192,66192,2017
UNC Pembroke,/teams/66221,66221,2017
UVA Wise,/teams/66329,66329,2017
Upper Iowa,/teams/66235,66235,2017
Urbana,/teams/66312,66312,2017
Utah Tech,/teams/66311,66311,2017
Valdosta St.,/teams/66236,66236,2017
Virginia St.,/teams/66237,66237,2017
Virginia Union,/teams/66238,66238,2017
Walsh,/teams/66324,66324,2017
Washburn,/teams/66286,66286,2017
Wayne St. (MI),/teams/66239,66239,2017
Wayne St. (NE),/teams/66276,66276,2017
West Ala.,/teams/66200,66200,2017
West Chester,/teams/66240,66240,2017
West Florida,/teams/66301,66301,2017
West Ga.,/teams/66241,66241,2017
West Liberty,/teams/66277,66277,2017
West Tex. A&M,/teams/66242,66242,2017
West Va. Wesleyan,/teams/66298,66298,2017
West Virginia St.,/teams/66278,66278,2017
Western Colo.,/teams/66285,66285,2017
Western N.M.,/teams/66279,66279,2017
Western Ore.,/teams/66280,66280,2017
William Jewell,/teams/66314,66314,2017
Wingate,/teams/66281,66281,2017
Winona St.,/teams/66243,66243,2017
Winston-Salem,/teams/66244,66244,2017
Adams St.,/teams/113191,113191,2018
Albany St. (GA),/teams/113106,113106,2018
Alderson Broaddus,/teams/113192,113192,2018
American Int'l,/teams/113107,113107,2018
Angelo St.,/teams/113108,113108,2018
Ark.-Monticello,/teams/113233,113233,2018
Arkansas Tech,/teams/113193,113193,2018
Ashland,/teams/113109,113109,2018
Assumption,/teams/113110,113110,2018
Augustana (SD),/teams/113111,113111,2018
Azusa Pacific,/teams/113271,113271,2018
Bemidji St.,/teams/113112,113112,2018
Benedict,/teams/113113,113113,2018
Bentley,/teams/113114,113114,2018
Black Hills St.,/teams/113265,113265,2018
Bloomsburg,/teams/113115,113115,2018
Bowie St.,/teams/113116,113116,2018
CSU Pueblo,/teams/113228,113228,2018
Cal Poly Humboldt,/teams/113136,113136,2018
California (PA),/teams/113117,113117,2018
Carson-Newman,/teams/113194,113194,2018
Catawba,/teams/113195,113195,2018
Central Mo.,/teams/113118,113118,2018
Central Okla.,/teams/113196,113196,2018
Central St. (OH),/teams/113252,113252,2018
Central Wash.,/teams/113197,113197,2018
Chadron St.,/teams/113198,113198,2018
Charleston (WV),/teams/113199,113199,2018
Cheyney,/teams/113119,113119,2018
Chowan,/teams/113237,113237,2018
Clarion,/teams/113120,113120,2018
Clark Atlanta,/teams/113121,113121,2018
Colo. Sch. of Mines,/teams/113122,113122,2018
Colorado Mesa,/teams/113246,113246,2018
Concord,/teams/113200,113200,2018
Concordia-St. Paul,/teams/113242,113242,2018
Davenport,/teams/113277,113277,2018
Delta St.,/teams/113123,113123,2018
East Central,/teams/113238,113238,2018
East Stroudsburg,/teams/113124,113124,2018
East Texas A&M,/teams/113125,113125,2018
Eastern N.M.,/teams/113126,113126,2018
Edinboro,/teams/113127,113127,2018
Elizabeth City St.,/teams/113128,113128,2018
Emporia St.,/teams/113201,113201,2018
Fairmont St.,/teams/113202,113202,2018
Fayetteville St.,/teams/113129,113129,2018
Ferris St.,/teams/113130,113130,2018
Findlay,/teams/113203,113203,2018
Florida Tech,/teams/113131,113131,2018
Fort Hays St.,/teams/113239,113239,2018
Fort Lewis,/teams/113204,113204,2018
Fort Valley St.,/teams/113132,113132,2018
Gannon,/teams/113133,113133,2018
Glenville St.,/teams/113205,113205,2018
Grand Valley St.,/teams/113134,113134,2018
Harding,/teams/113206,113206,2018
Henderson St.,/teams/113207,113207,2018
Hillsdale,/teams/113135,113135,2018
Indiana (PA),/teams/113137,113137,2018
Johnson C. Smith,/teams/113139,113139,2018
Kentucky St.,/teams/113140,113140,2018
Kutztown,/teams/113142,113142,2018
Ky. Wesleyan,/teams/113141,113141,2018
LIU Post,/teams/113149,113149,2018
Lake Erie,/teams/113229,113229,2018
Lane,/teams/113143,113143,2018
Lenoir-Rhyne,/teams/113209,113209,2018
Limestone,/teams/113210,113210,2018
Lincoln (MO),/teams/113144,113144,2018
Lincoln (PA),/teams/113145,113145,2018
Lindenwood,/teams/113266,113266,2018
Livingstone,/teams/113147,113147,2018
Lock Haven,/teams/113148,113148,2018
MSU Moorhead,/teams/113213,113213,2018
Malone,/teams/113267,113267,2018
Mars Hill,/teams/113211,113211,2018
Mary,/teams/113254,113254,2018
McKendree,/teams/113268,113268,2018
Mercyhurst,/teams/113151,113151,2018
Merrimack,/teams/113152,113152,2018
Michigan Tech,/teams/113153,113153,2018
Midwestern St.,/teams/113212,113212,2018
Miles,/teams/113154,113154,2018
Millersville,/teams/113155,113155,2018
Minn. Duluth,/teams/113156,113156,2018
Minn.-Crookston,/teams/113251,113251,2018
Minnesota St.,/teams/113150,113150,2018
Minot St.,/teams/113261,113261,2018
Mississippi Col.,/teams/113157,113157,2018
Missouri S&T,/teams/113158,113158,2018
Missouri Western,/teams/113241,113241,2018
Mo. Southern St.,/teams/113240,113240,2018
Morehouse,/teams/113159,113159,2018
N.M. Highlands,/teams/113234,113234,2018
Neb.-Kearney,/teams/113208,113208,2018
New Haven,/teams/113160,113160,2018
Newberry,/teams/113214,113214,2018
North Ala.,/teams/113161,113161,2018
North Greenville,/teams/113243,113243,2018
Northeastern St.,/teams/113248,113248,2018
Northern Mich.,/teams/113163,113163,2018
Northern St.,/teams/113215,113215,2018
Northwest Mo. St.,/teams/113164,113164,2018
Northwestern Okla.,/teams/113274,113274,2018
Northwood,/teams/113165,113165,2018
Notre Dame (OH),/teams/113262,113262,2018
Ohio Dominican,/teams/113259,113259,2018
Okla. Baptist,/teams/113276,113276,2018
Ouachita Baptist,/teams/113216,113216,2018
Pace,/teams/113166,113166,2018
Pittsburg St.,/teams/113217,113217,2018
Quincy,/teams/113168,113168,2018
Saginaw Valley,/teams/113169,113169,2018
Saint Augustine's,/teams/113171,113171,2018
Seton Hill,/teams/113253,113253,2018
Shaw,/teams/113174,113174,2018
Shepherd,/teams/113245,113245,2018
Shippensburg,/teams/113175,113175,2018
Shorter,/teams/113272,113272,2018
Simon Fraser,/teams/113263,113263,2018
Sioux Falls,/teams/113264,113264,2018
Slippery Rock,/teams/113176,113176,2018
South Dakota Mines,/teams/113269,113269,2018
Southeastern Okla.,/teams/113218,113218,2018
Southern Ark.,/teams/113219,113219,2018
Southern Conn. St.,/teams/113177,113177,2018
Southern Nazarene,/teams/113273,113273,2018
Southwest Baptist,/teams/113230,113230,2018
Southwest Minn. St.,/teams/113235,113235,2018
Southwestern Okla.,/teams/113236,113236,2018
St. Anselm,/teams/113170,113170,2018
St. Cloud St.,/teams/113172,113172,2018
Stonehill,/teams/113178,113178,2018
Tarleton St.,/teams/113220,113220,2018
Tex. A&M-Kingsville,/teams/113179,113179,2018
Tex. Permian Basin,/teams/113255,113255,2018
Tiffin,/teams/113221,113221,2018
Truman St.,/teams/113162,113162,2018
Tusculum,/teams/113249,113249,2018
Tuskegee,/teams/113180,113180,2018
UIndy,/teams/113138,113138,2018
UNC Pembroke,/teams/113167,113167,2018
UVA Wise,/teams/113275,113275,2018
Upper Iowa,/teams/113181,113181,2018
Urbana,/teams/113258,113258,2018
Utah Tech,/teams/113257,113257,2018
Valdosta St.,/teams/113182,113182,2018
Virginia St.,/teams/113183,113183,2018
Virginia Union,/teams/113184,113184,2018
Walsh,/teams/113270,113270,2018
Washburn,/teams/113232,113232,2018
Wayne St. (MI),/teams/113185,113185,2018
Wayne St. (NE),/teams/113222,113222,2018
West Ala.,/teams/113146,113146,2018
West Chester,/teams/113186,113186,2018
West Florida,/teams/113247,113247,2018
West Ga.,/teams/113187,113187,2018
West Liberty,/teams/113223,113223,2018
West Tex. A&M,/teams/113188,113188,2018
West Va. Wesleyan,/teams/113244,113244,2018
West Virginia St.,/teams/113224,113224,2018
Western Colo.,/teams/113231,113231,2018
Western N.M.,/teams/113225,113225,2018
Western Ore.,/teams/113226,113226,2018
William Jewell,/teams/113260,113260,2018
Wingate,/teams/113227,113227,2018
Winona St.,/teams/113189,113189,2018
Winston-Salem,/teams/113190,113190,2018
Adams St.,/teams/450149,450149,2019
Albany St. (GA),/teams/450065,450065,2019
Alderson Broaddus,/teams/450150,450150,2019
American Int'l,/teams/450066,450066,2019
Angelo St.,/teams/450067,450067,2019
Ark.-Monticello,/teams/450191,450191,2019
Arkansas Tech,/teams/450151,450151,2019
Ashland,/teams/450068,450068,2019
Assumption,/teams/450069,450069,2019
Augustana (SD),/teams/450070,450070,2019
Azusa Pacific,/teams/450058,450058,2019
Bemidji St.,/teams/450071,450071,2019
Benedict,/teams/450072,450072,2019
Bentley,/teams/450073,450073,2019
Black Hills St.,/teams/450052,450052,2019
Bloomsburg,/teams/450074,450074,2019
Bowie St.,/teams/450075,450075,2019
CSU Pueblo,/teams/450186,450186,2019
Cal Poly Humboldt,/teams/450095,450095,2019
California (PA),/teams/450076,450076,2019
Carson-Newman,/teams/450152,450152,2019
Catawba,/teams/450153,450153,2019
Central Mo.,/teams/450077,450077,2019
Central Okla.,/teams/450154,450154,2019
Central St. (OH),/teams/450040,450040,2019
Central Wash.,/teams/450155,450155,2019
Chadron St.,/teams/450156,450156,2019
Charleston (WV),/teams/450157,450157,2019
Chowan,/teams/450195,450195,2019
Clarion,/teams/450079,450079,2019
Clark Atlanta,/teams/450080,450080,2019
Colo. Sch. of Mines,/teams/450081,450081,2019
Colorado Mesa,/teams/450204,450204,2019
Concord,/teams/450158,450158,2019
Concordia-St. Paul,/teams/450200,450200,2019
Davenport,/teams/450064,450064,2019
Delta St.,/teams/450082,450082,2019
East Central,/teams/450196,450196,2019
East Stroudsburg,/teams/450083,450083,2019
East Texas A&M,/teams/450084,450084,2019
Eastern N.M.,/teams/450085,450085,2019
Edinboro,/teams/450086,450086,2019
Elizabeth City St.,/teams/450087,450087,2019
Emporia St.,/teams/450159,450159,2019
Fairmont St.,/teams/450160,450160,2019
Fayetteville St.,/teams/450088,450088,2019
Ferris St.,/teams/450089,450089,2019
Findlay,/teams/450161,450161,2019
Florida Tech,/teams/450090,450090,2019
Fort Hays St.,/teams/450197,450197,2019
Fort Lewis,/teams/450162,450162,2019
Fort Valley St.,/teams/450091,450091,2019
Gannon,/teams/450092,450092,2019
Glenville St.,/teams/450163,450163,2019
Grand Valley St.,/teams/450093,450093,2019
Harding,/teams/450164,450164,2019
Henderson St.,/teams/450165,450165,2019
Hillsdale,/teams/450094,450094,2019
Indiana (PA),/teams/450096,450096,2019
Johnson C. Smith,/teams/450098,450098,2019
Kentucky St.,/teams/450099,450099,2019
Kutztown,/teams/450101,450101,2019
Ky. Wesleyan,/teams/450100,450100,2019
LIU Post,/teams/450108,450108,2019
Lake Erie,/teams/450187,450187,2019
Lane,/teams/450102,450102,2019
Lenoir-Rhyne,/teams/450167,450167,2019
Limestone,/teams/450168,450168,2019
Lincoln (MO),/teams/450103,450103,2019
Lincoln (PA),/teams/450104,450104,2019
Lindenwood,/teams/450053,450053,2019
Livingstone,/teams/450106,450106,2019
Lock Haven,/teams/450107,450107,2019
MSU Moorhead,/teams/450171,450171,2019
Malone,/teams/450054,450054,2019
Mars Hill,/teams/450169,450169,2019
Mary,/teams/450042,450042,2019
McKendree,/teams/450055,450055,2019
Mercyhurst,/teams/450110,450110,2019
Merrimack,/teams/450111,450111,2019
Michigan Tech,/teams/450112,450112,2019
Midwestern St.,/teams/450170,450170,2019
Miles,/teams/450113,450113,2019
Millersville,/teams/450114,450114,2019
Minn. Duluth,/teams/450115,450115,2019
Minn.-Crookston,/teams/450039,450039,2019
Minnesota St.,/teams/450109,450109,2019
Minot St.,/teams/450048,450048,2019
Mississippi Col.,/teams/450116,450116,2019
Missouri S&T,/teams/450117,450117,2019
Missouri Western,/teams/450199,450199,2019
Mo. Southern St.,/teams/450198,450198,2019
Morehouse,/teams/450118,450118,2019
N.M. Highlands,/teams/450192,450192,2019
Neb.-Kearney,/teams/450166,450166,2019
New Haven,/teams/450119,450119,2019
Newberry,/teams/450172,450172,2019
North Greenville,/teams/450201,450201,2019
Northeastern St.,/teams/450037,450037,2019
Northern Mich.,/teams/450122,450122,2019
Northern St.,/teams/450173,450173,2019
Northwest Mo. St.,/teams/450123,450123,2019
Northwestern Okla.,/teams/450061,450061,2019
Northwood,/teams/450124,450124,2019
Notre Dame (OH),/teams/450049,450049,2019
Ohio Dominican,/teams/450046,450046,2019
Okla. Baptist,/teams/450063,450063,2019
Ouachita Baptist,/teams/450174,450174,2019
Pace,/teams/450125,450125,2019
Pittsburg St.,/teams/450175,450175,2019
Quincy,/teams/450127,450127,2019
Saginaw Valley,/teams/450128,450128,2019
Saint Augustine's,/teams/450130,450130,2019
Seton Hill,/teams/450041,450041,2019
Shaw,/teams/450132,450132,2019
Shepherd,/teams/450203,450203,2019
Shippensburg,/teams/450133,450133,2019
Shorter,/teams/450059,450059,2019
Simon Fraser,/teams/450050,450050,2019
Sioux Falls,/teams/450051,450051,2019
Slippery Rock,/teams/450134,450134,2019
South Dakota Mines,/teams/450056,450056,2019
Southeastern Okla.,/teams/450176,450176,2019
Southern Ark.,/teams/450177,450177,2019
Southern Conn. St.,/teams/450135,450135,2019
Southern Nazarene,/teams/450060,450060,2019
Southwest Baptist,/teams/450188,450188,2019
Southwest Minn. St.,/teams/450193,450193,2019
Southwestern Okla.,/teams/450194,450194,2019
St. Anselm,/teams/450129,450129,2019
St. Cloud St.,/teams/450131,450131,2019
Stonehill,/teams/450136,450136,2019
Tarleton St.,/teams/450178,450178,2019
Tex. A&M-Kingsville,/teams/450137,450137,2019
Tex. Permian Basin,/teams/450043,450043,2019
Tiffin,/teams/450179,450179,2019
Truman St.,/teams/450121,450121,2019
Tusculum,/teams/450038,450038,2019
Tuskegee,/teams/450138,450138,2019
UIndy,/teams/450097,450097,2019
UNC Pembroke,/teams/450126,450126,2019
UVA Wise,/teams/450062,450062,2019
Upper Iowa,/teams/450139,450139,2019
Urbana,/teams/450045,450045,2019
Utah Tech,/teams/450044,450044,2019
Valdosta St.,/teams/450140,450140,2019
Virginia St.,/teams/450141,450141,2019
Virginia Union,/teams/450142,450142,2019
Walsh,/teams/450057,450057,2019
Washburn,/teams/450190,450190,2019
Wayne St. (MI),/teams/450143,450143,2019
Wayne St. (NE),/teams/450180,450180,2019
West Ala.,/teams/450105,450105,2019
West Chester,/teams/450144,450144,2019
West Florida,/teams/450036,450036,2019
West Ga.,/teams/450145,450145,2019
West Liberty,/teams/450181,450181,2019
West Tex. A&M,/teams/450146,450146,2019
West Va. Wesleyan,/teams/450202,450202,2019
West Virginia St.,/teams/450182,450182,2019
Western Colo.,/teams/450189,450189,2019
Western N.M.,/teams/450183,450183,2019
Western Ore.,/teams/450184,450184,2019
William Jewell,/teams/450047,450047,2019
Wingate,/teams/450185,450185,2019
Winona St.,/teams/450147,450147,2019
Winston-Salem,/teams/450148,450148,2019
Adams St.,/teams/478355,478355,2020
Albany St. (GA),/teams/478273,478273,2020
Alderson Broaddus,/teams/478356,478356,2020
American Int'l,/teams/478274,478274,2020
Angelo St.,/teams/478275,478275,2020
Ark.-Monticello,/teams/478397,478397,2020
Arkansas Tech,/teams/478357,478357,2020
Ashland,/teams/478276,478276,2020
Assumption,/teams/478277,478277,2020
Augustana (SD),/teams/478278,478278,2020
Azusa Pacific,/teams/478266,478266,2020
Bemidji St.,/teams/478279,478279,2020
Benedict,/teams/478280,478280,2020
Bentley,/teams/478281,478281,2020
Black Hills St.,/teams/478260,478260,2020
Bloomsburg,/teams/478282,478282,2020
Bowie St.,/teams/478283,478283,2020
CSU Pueblo,/teams/478392,478392,2020
California (PA),/teams/478284,478284,2020
Carson-Newman,/teams/478358,478358,2020
Catawba,/teams/478359,478359,2020
Central Mo.,/teams/478285,478285,2020
Central Okla.,/teams/478360,478360,2020
Central St. (OH),/teams/478248,478248,2020
Central Wash.,/teams/478361,478361,2020
Chadron St.,/teams/478362,478362,2020
Charleston (WV),/teams/478363,478363,2020
Chowan,/teams/478401,478401,2020
Clarion,/teams/478286,478286,2020
Clark Atlanta,/teams/478287,478287,2020
Colo. Sch. of Mines,/teams/478288,478288,2020
Colorado Mesa,/teams/478410,478410,2020
Concord,/teams/478364,478364,2020
Concordia-St. Paul,/teams/478406,478406,2020
Davenport,/teams/478272,478272,2020
Delta St.,/teams/478289,478289,2020
East Central,/teams/478402,478402,2020
East Stroudsburg,/teams/478290,478290,2020
East Texas A&M,/teams/478291,478291,2020
Eastern N.M.,/teams/478292,478292,2020
Edinboro,/teams/478293,478293,2020
Elizabeth City St.,/teams/478294,478294,2020
Emporia St.,/teams/478365,478365,2020
Fairmont St.,/teams/478366,478366,2020
Fayetteville St.,/teams/478295,478295,2020
Ferris St.,/teams/478296,478296,2020
Findlay,/teams/478367,478367,2020
Florida Tech,/teams/478297,478297,2020
Fort Hays St.,/teams/478403,478403,2020
Fort Lewis,/teams/478368,478368,2020
Fort Valley St.,/teams/478298,478298,2020
Franklin Pierce,/teams/478891,478891,2020
Frostburg St.,/teams/478472,478472,2020
Gannon,/teams/478299,478299,2020
Glenville St.,/teams/478369,478369,2020
Grand Valley St.,/teams/478300,478300,2020
Harding,/teams/478370,478370,2020
Henderson St.,/teams/478371,478371,2020
Hillsdale,/teams/478301,478301,2020
Indiana (PA),/teams/478303,478303,2020
Johnson C. Smith,/teams/478305,478305,2020
Kentucky St.,/teams/478306,478306,2020
Kutztown,/teams/478308,478308,2020
Ky. Wesleyan,/teams/478307,478307,2020
Lake Erie,/teams/478393,478393,2020
Lane,/teams/478309,478309,2020
Lenoir-Rhyne,/teams/478373,478373,2020
Limestone,/teams/478374,478374,2020
Lincoln (MO),/teams/478310,478310,2020
Lincoln (PA),/teams/478311,478311,2020
Lindenwood,/teams/478261,478261,2020
Livingstone,/teams/478313,478313,2020
Lock Haven,/teams/478314,478314,2020
MSU Moorhead,/teams/478377,478377,2020
Mars Hill,/teams/478375,478375,2020
Mary,/teams/478250,478250,2020
McKendree,/teams/478263,478263,2020
Mercyhurst,/teams/478317,478317,2020
Michigan Tech,/teams/478319,478319,2020
Midwestern St.,/teams/478376,478376,2020
Miles,/teams/478320,478320,2020
Millersville,/teams/478321,478321,2020
Minn. Duluth,/teams/478322,478322,2020
Minn.-Crookston,/teams/478247,478247,2020
Minnesota St.,/teams/478316,478316,2020
Minot St.,/teams/478256,478256,2020
Mississippi Col.,/teams/478323,478323,2020
Missouri S&T,/teams/478324,478324,2020
Missouri Western,/teams/478405,478405,2020
Mo. Southern St.,/teams/478404,478404,2020
Morehouse,/teams/478325,478325,2020
N.M. Highlands,/teams/478398,478398,2020
Neb.-Kearney,/teams/478372,478372,2020
New Haven,/teams/478326,478326,2020
Newberry,/teams/478378,478378,2020
North Greenville,/teams/478407,478407,2020
Northeastern St.,/teams/478245,478245,2020
Northern Mich.,/teams/478328,478328,2020
Northern St.,/teams/478379,478379,2020
Northwest Mo. St.,/teams/478329,478329,2020
Northwestern Okla.,/teams/478269,478269,2020
Northwood,/teams/478330,478330,2020
Notre Dame (OH),/teams/478257,478257,2020
Ohio Dominican,/teams/478254,478254,2020
Okla. Baptist,/teams/478271,478271,2020
Ouachita Baptist,/teams/478380,478380,2020
Pace,/teams/478331,478331,2020
Pittsburg St.,/teams/478381,478381,2020
Quincy,/teams/478333,478333,2020
Saginaw Valley,/teams/478334,478334,2020
Saint Augustine's,/teams/478336,478336,2020
Savannah St.,/teams/478206,478206,2020
Seton Hill,/teams/478249,478249,2020
Shaw,/teams/478338,478338,2020
Shepherd,/teams/478409,478409,2020
Shippensburg,/teams/478339,478339,2020
Shorter,/teams/478267,478267,2020
Simon Fraser,/teams/478258,478258,2020
Sioux Falls,/teams/478259,478259,2020
Slippery Rock,/teams/478340,478340,2020
South Dakota Mines,/teams/478264,478264,2020
Southeastern Okla.,/teams/478382,478382,2020
Southern Ark.,/teams/478383,478383,2020
Southern Conn. St.,/teams/478341,478341,2020
Southern Nazarene,/teams/478268,478268,2020
Southwest Baptist,/teams/478394,478394,2020
Southwest Minn. St.,/teams/478399,478399,2020
Southwestern Okla.,/teams/478400,478400,2020
St. Anselm,/teams/478335,478335,2020
St. Cloud St.,/teams/478337,478337,2020
Stonehill,/teams/478342,478342,2020
Tarleton St.,/teams/478384,478384,2020
Tex. A&M-Kingsville,/teams/478343,478343,2020
Tex. Permian Basin,/teams/478251,478251,2020
Tiffin,/teams/478385,478385,2020
Truman St.,/teams/478327,478327,2020
Tusculum,/teams/478246,478246,2020
Tuskegee,/teams/478344,478344,2020
UIndy,/teams/478304,478304,2020
UNC Pembroke,/teams/478332,478332,2020
UVA Wise,/teams/478270,478270,2020
Upper Iowa,/teams/478345,478345,2020
Urbana,/teams/478253,478253,2020
Utah Tech,/teams/478252,478252,2020
Valdosta St.,/teams/478346,478346,2020
Virginia St.,/teams/478347,478347,2020
Virginia Union,/teams/478348,478348,2020
Walsh,/teams/478265,478265,2020
Washburn,/teams/478396,478396,2020
Wayne St. (MI),/teams/478349,478349,2020
Wayne St. (NE),/teams/478386,478386,2020
West Ala.,/teams/478312,478312,2020
West Chester,/teams/478350,478350,2020
West Florida,/teams/478244,478244,2020
West Ga.,/teams/478351,478351,2020
West Liberty,/teams/478387,478387,2020
West Tex. A&M,/teams/478352,478352,2020
West Va. Wesleyan,/teams/478408,478408,2020
West Virginia St.,/teams/478388,478388,2020
Western Colo.,/teams/478395,478395,2020
Western N.M.,/teams/478389,478389,2020
Western Ore.,/teams/478390,478390,2020
Wheeling,/teams/483109,483109,2020
William Jewell,/teams/478255,478255,2020
Wingate,/teams/478391,478391,2020
Winona St.,/teams/478353,478353,2020
Winston-Salem,/teams/478354,478354,2020
Adams St.,/teams/499876,499876,2021
Albany St. (GA),/teams/499796,499796,2021
Alderson Broaddus,/teams/499877,499877,2021
American Int'l,/teams/499797,499797,2021
Angelo St.,/teams/499798,499798,2021
Ark.-Monticello,/teams/499918,499918,2021
Arkansas Tech,/teams/499878,499878,2021
Ashland,/teams/499799,499799,2021
Assumption,/teams/499800,499800,2021
Augustana (SD),/teams/499801,499801,2021
Azusa Pacific,/teams/499789,499789,2021
Barton,/teams/505390,505390,2021
Bemidji St.,/teams/499802,499802,2021
Benedict,/teams/499803,499803,2021
Bentley,/teams/499804,499804,2021
Black Hills St.,/teams/499784,499784,2021
Bloomsburg,/teams/499805,499805,2021
Bowie St.,/teams/499806,499806,2021
CSU Pueblo,/teams/499913,499913,2021
California (PA),/teams/499807,499807,2021
Carson-Newman,/teams/499879,499879,2021
Catawba,/teams/499880,499880,2021
Central Mo.,/teams/499808,499808,2021
Central Okla.,/teams/499881,499881,2021
Central St. (OH),/teams/499772,499772,2021
Central Wash.,/teams/499882,499882,2021
Chadron St.,/teams/499883,499883,2021
Charleston (WV),/teams/499884,499884,2021
Chowan,/teams/499922,499922,2021
Clarion,/teams/499810,499810,2021
Clark Atlanta,/teams/499811,499811,2021
Colo. Sch. of Mines,/teams/499812,499812,2021
Colorado Mesa,/teams/499931,499931,2021
Concord,/teams/499885,499885,2021
Concordia-St. Paul,/teams/499927,499927,2021
Davenport,/teams/499795,499795,2021
Delta St.,/teams/499813,499813,2021
East Central,/teams/499923,499923,2021
East Stroudsburg,/teams/499814,499814,2021
East Texas A&M,/teams/499815,499815,2021
Eastern N.M.,/teams/499816,499816,2021
Edinboro,/teams/499817,499817,2021
Elizabeth City St.,/teams/499818,499818,2021
Emporia St.,/teams/499886,499886,2021
Erskine,/teams/505392,505392,2021
Fairmont St.,/teams/499887,499887,2021
Fayetteville St.,/teams/499819,499819,2021
Ferris St.,/teams/499820,499820,2021
Findlay,/teams/499888,499888,2021
Fort Hays St.,/teams/499924,499924,2021
Fort Lewis,/teams/499889,499889,2021
Fort Valley St.,/teams/499822,499822,2021
Franklin Pierce,/teams/499933,499933,2021
Frostburg St.,/teams/499932,499932,2021
Gannon,/teams/499823,499823,2021
Glenville St.,/teams/499890,499890,2021
Grand Valley St.,/teams/499824,499824,2021
Harding,/teams/499891,499891,2021
Henderson St.,/teams/499892,499892,2021
Hillsdale,/teams/499825,499825,2021
Indiana (PA),/teams/499826,499826,2021
Johnson C. Smith,/teams/499828,499828,2021
Kentucky St.,/teams/499829,499829,2021
Kutztown,/teams/499831,499831,2021
Ky. Wesleyan,/teams/499830,499830,2021
Lake Erie,/teams/499914,499914,2021
Lane,/teams/499832,499832,2021
Lenoir-Rhyne,/teams/499894,499894,2021
Limestone,/teams/499895,499895,2021
Lincoln (MO),/teams/499833,499833,2021
Lincoln (PA),/teams/499834,499834,2021
Lindenwood,/teams/499785,499785,2021
Livingstone,/teams/499836,499836,2021
Lock Haven,/teams/499837,499837,2021
MSU Moorhead,/teams/499898,499898,2021
Mars Hill,/teams/499896,499896,2021
Mary,/teams/499774,499774,2021
McKendree,/teams/499786,499786,2021
Mercyhurst,/teams/499839,499839,2021
Michigan Tech,/teams/499840,499840,2021
Midwestern St.,/teams/499897,499897,2021
Miles,/teams/499841,499841,2021
Millersville,/teams/499842,499842,2021
Minn. Duluth,/teams/499843,499843,2021
Minnesota St.,/teams/499838,499838,2021
Minot St.,/teams/499780,499780,2021
Mississippi Col.,/teams/499844,499844,2021
Missouri S&T,/teams/499845,499845,2021
Missouri Western,/teams/499926,499926,2021
Mo. Southern St.,/teams/499925,499925,2021
Morehouse,/teams/499846,499846,2021
N.M. Highlands,/teams/499919,499919,2021
Neb.-Kearney,/teams/499893,499893,2021
New Haven,/teams/499847,499847,2021
Newberry,/teams/499899,499899,2021
North Greenville,/teams/499928,499928,2021
Northeastern St.,/teams/499769,499769,2021
Northern Mich.,/teams/499849,499849,2021
Northern St.,/teams/499900,499900,2021
Northwest Mo. St.,/teams/499850,499850,2021
Northwestern Okla.,/teams/499792,499792,2021
Northwood,/teams/499851,499851,2021
Notre Dame (OH),/teams/499781,499781,2021
Ohio Dominican,/teams/499778,499778,2021
Okla. Baptist,/teams/499794,499794,2021
Ouachita Baptist,/teams/499901,499901,2021
Pace,/teams/499852,499852,2021
Pittsburg St.,/teams/499902,499902,2021
Quincy,/teams/499854,499854,2021
Saginaw Valley,/teams/499855,499855,2021
Saint Augustine's,/teams/499857,499857,2021
Savannah St.,/teams/499767,499767,2021
Seton Hill,/teams/499773,499773,2021
Shaw,/teams/499859,499859,2021
Shepherd,/teams/499930,499930,2021
Shippensburg,/teams/499860,499860,2021
Shorter,/teams/499790,499790,2021
Simon Fraser,/teams/499782,499782,2021
Sioux Falls,/teams/499783,499783,2021
Slippery Rock,/teams/499861,499861,2021
South Dakota Mines,/teams/499787,499787,2021
Southeastern Okla.,/teams/499903,499903,2021
Southern Ark.,/teams/499904,499904,2021
Southern Conn. St.,/teams/499862,499862,2021
Southern Nazarene,/teams/499791,499791,2021
Southwest Baptist,/teams/499915,499915,2021
Southwest Minn. St.,/teams/499920,499920,2021
Southwestern Okla.,/teams/499921,499921,2021
St. Anselm,/teams/499856,499856,2021
Stonehill,/teams/499863,499863,2021
Tex. A&M-Kingsville,/teams/499864,499864,2021
Tex. Permian Basin,/teams/499775,499775,2021
Tiffin,/teams/499906,499906,2021
Truman St.,/teams/499848,499848,2021
Tusculum,/teams/499770,499770,2021
Tuskegee,/teams/499865,499865,2021
UIndy,/teams/499827,499827,2021
UNC Pembroke,/teams/499853,499853,2021
UVA Wise,/teams/499793,499793,2021
Upper Iowa,/teams/499866,499866,2021
Valdosta St.,/teams/499867,499867,2021
Virginia St.,/teams/499868,499868,2021
Virginia Union,/teams/499869,499869,2021
Walsh,/teams/499788,499788,2021
Washburn,/teams/499917,499917,2021
Wayne St. (MI),/teams/499870,499870,2021
Wayne St. (NE),/teams/499907,499907,2021
West Ala.,/teams/499835,499835,2021
West Chester,/teams/499871,499871,2021
West Florida,/teams/499768,499768,2021
West Ga.,/teams/499872,499872,2021
West Liberty,/teams/499908,499908,2021
West Tex. A&M,/teams/499873,499873,2021
West Va. Wesleyan,/teams/499929,499929,2021
West Virginia St.,/teams/499909,499909,2021
Western Colo.,/teams/499916,499916,2021
Western N.M.,/teams/499910,499910,2021
Western Ore.,/teams/499911,499911,2021
Wheeling,/teams/499766,499766,2021
William Jewell,/teams/499779,499779,2021
Wingate,/teams/499912,499912,2021
Winona St.,/teams/499874,499874,2021
Winston-Salem,/teams/499875,499875,2021
Adams St.,/teams/523865,523865,2022
Albany St. (GA),/teams/523606,523606,2022
Alderson Broaddus,/teams/523868,523868,2022
Allen,/teams/525082,525082,2022
American Int'l,/teams/523609,523609,2022
Angelo St.,/teams/523611,523611,2022
Ark.-Monticello,/teams/524005,524005,2022
Arkansas Tech,/teams/523871,523871,2022
Ashland,/teams/523615,523615,2022
Assumption,/teams/523619,523619,2022
Augustana (SD),/teams/523622,523622,2022
Barton,/teams/524061,524061,2022
Bemidji St.,/teams/523626,523626,2022
Benedict,/teams/523628,523628,2022
Bentley,/teams/523631,523631,2022
Black Hills St.,/teams/523565,523565,2022
Bloomsburg,/teams/523635,523635,2022
Bluefield St.,/teams/524537,524537,2022
Bowie St.,/teams/523639,523639,2022
CSU Pueblo,/teams/523987,523987,2022
California (PA),/teams/523642,523642,2022
Carson-Newman,/teams/523875,523875,2022
Catawba,/teams/523878,523878,2022
Central Mo.,/teams/523646,523646,2022
Central Okla.,/teams/523881,523881,2022
Central St. (OH),/teams/523533,523533,2022
Central Wash.,/teams/523885,523885,2022
Chadron St.,/teams/523888,523888,2022
Charleston (WV),/teams/523892,523892,2022
Chowan,/teams/524017,524017,2022
Clarion,/teams/523649,523649,2022
Clark Atlanta,/teams/523653,523653,2022
Colo. Sch. of Mines,/teams/523656,523656,2022
Colorado Mesa,/teams/524047,524047,2022
Concord,/teams/523895,523895,2022
Concordia-St. Paul,/teams/524032,524032,2022
Davenport,/teams/523602,523602,2022
Delta St.,/teams/523658,523658,2022
East Central,/teams/524019,524019,2022
East Stroudsburg,/teams/523662,523662,2022
East Texas A&M,/teams/523665,523665,2022
Eastern N.M.,/teams/523668,523668,2022
Edinboro,/teams/523671,523671,2022
Edward Waters,/teams/526120,526120,2022
Elizabeth City St.,/teams/523675,523675,2022
Emory & Henry,/teams/524440,524440,2022
Emporia St.,/teams/523899,523899,2022
Erskine,/teams/524057,524057,2022
Fairmont St.,/teams/523901,523901,2022
Fayetteville St.,/teams/523678,523678,2022
Ferris St.,/teams/523681,523681,2022
Findlay,/teams/523905,523905,2022
Fort Hays St.,/teams/524022,524022,2022
Fort Lewis,/teams/523908,523908,2022
Fort Valley St.,/teams/523684,523684,2022
Franklin Pierce,/teams/524054,524054,2022
Frostburg St.,/teams/524050,524050,2022
Gannon,/teams/523688,523688,2022
Glenville St.,/teams/523912,523912,2022
Grand Valley St.,/teams/523691,523691,2022
Harding,/teams/523915,523915,2022
Henderson St.,/teams/523919,523919,2022
Hillsdale,/teams/523694,523694,2022
Indiana (PA),/teams/523698,523698,2022
Johnson C. Smith,/teams/523705,523705,2022
Kentucky St.,/teams/523708,523708,2022
Kutztown,/teams/523715,523715,2022
Ky. Wesleyan,/teams/523712,523712,2022
Lake Erie,/teams/523991,523991,2022
Lane,/teams/523719,523719,2022
Lenoir-Rhyne,/teams/523926,523926,2022
Limestone,/teams/523929,523929,2022
Lincoln (MO),/teams/523721,523721,2022
Lincoln (PA),/teams/523724,523724,2022
Lindenwood,/teams/523568,523568,2022
Livingstone,/teams/523731,523731,2022
Lock Haven,/teams/523735,523735,2022
MSU Moorhead,/teams/523940,523940,2022
Mars Hill,/teams/523933,523933,2022
Mary,/teams/523540,523540,2022
McKendree,/teams/523572,523572,2022
Mercyhurst,/teams/523741,523741,2022
Michigan Tech,/teams/523744,523744,2022
Midwestern St.,/teams/523936,523936,2022
Miles,/teams/523748,523748,2022
Millersville,/teams/523752,523752,2022
Minn. Duluth,/teams/523755,523755,2022
Minnesota St.,/teams/523738,523738,2022
Minot St.,/teams/523552,523552,2022
Mississippi Col.,/teams/523759,523759,2022
Missouri S&T,/teams/523762,523762,2022
Missouri Western,/teams/524029,524029,2022
Mo. Southern St.,/teams/524026,524026,2022
Morehouse,/teams/523765,523765,2022
N.M. Highlands,/teams/524008,524008,2022
Neb.-Kearney,/teams/523922,523922,2022
New Haven,/teams/523769,523769,2022
Newberry,/teams/523943,523943,2022
North Greenville,/teams/524036,524036,2022
Northeastern St.,/teams/523527,523527,2022
Northern Mich.,/teams/523775,523775,2022
Northern St.,/teams/523946,523946,2022
Northwest Mo. St.,/teams/523778,523778,2022
Northwestern Okla.,/teams/523592,523592,2022
Northwood,/teams/523782,523782,2022
Notre Dame (OH),/teams/523555,523555,2022
Ohio Dominican,/teams/523546,523546,2022
Okla. Baptist,/teams/523599,523599,2022
Ouachita Baptist,/teams/523950,523950,2022
Pace,/teams/523785,523785,2022
Pittsburg St.,/teams/523953,523953,2022
Quincy,/teams/523792,523792,2022
Saginaw Valley,/teams/523796,523796,2022
Saint Augustine's,/teams/523802,523802,2022
Savannah St.,/teams/523520,523520,2022
Seton Hill,/teams/523537,523537,2022
Shaw,/teams/523805,523805,2022
Shepherd,/teams/524044,524044,2022
Shippensburg,/teams/523808,523808,2022
Shorter,/teams/523584,523584,2022
Simon Fraser,/teams/523558,523558,2022
Sioux Falls,/teams/523562,523562,2022
Slippery Rock,/teams/523811,523811,2022
South Dakota Mines,/teams/523575,523575,2022
Southeastern Okla.,/teams/523957,523957,2022
Southern Ark.,/teams/523960,523960,2022
Southern Conn. St.,/teams/523815,523815,2022
Southern Nazarene,/teams/523589,523589,2022
Southwest Baptist,/teams/523994,523994,2022
Southwest Minn. St.,/teams/524011,524011,2022
Southwestern Okla.,/teams/524014,524014,2022
St. Anselm,/teams/523799,523799,2022
Stonehill,/teams/523818,523818,2022
Tex. A&M-Kingsville,/teams/523821,523821,2022
Tex. Permian Basin,/teams/523543,523543,2022
Tiffin,/teams/523963,523963,2022
Truman St.,/teams/523772,523772,2022
Tusculum,/teams/523530,523530,2022
Tuskegee,/teams/523824,523824,2022
UIndy,/teams/523701,523701,2022
UNC Pembroke,/teams/523789,523789,2022
UVA Wise,/teams/523595,523595,2022
Upper Iowa,/teams/523828,523828,2022
Valdosta St.,/teams/523832,523832,2022
Virginia St.,/teams/523836,523836,2022
Virginia Union,/teams/523839,523839,2022
Walsh,/teams/523578,523578,2022
Washburn,/teams/524001,524001,2022
Wayne St. (MI),/teams/523842,523842,2022
Wayne St. (NE),/teams/523966,523966,2022
West Ala.,/teams/523728,523728,2022
West Chester,/teams/523846,523846,2022
West Florida,/teams/523523,523523,2022
West Ga.,/teams/523850,523850,2022
West Liberty,/teams/523969,523969,2022
West Tex. A&M,/teams/523853,523853,2022
West Va. Wesleyan,/teams/524039,524039,2022
West Virginia St.,/teams/523973,523973,2022
Western Colo.,/teams/523997,523997,2022
Western N.M.,/teams/523976,523976,2022
Western Ore.,/teams/523980,523980,2022
Wheeling,/teams/523516,523516,2022
William Jewell,/teams/523549,523549,2022
Wingate,/teams/523984,523984,2022
Winona St.,/teams/523857,523857,2022
Winston-Salem,/teams/523861,523861,2022
Adams St.,/teams/545002,545002,2023
Albany St. (GA),/teams/544925,544925,2023
Alderson Broaddus,/teams/545003,545003,2023
Allen,/teams/544898,544898,2023
American Int'l,/teams/544926,544926,2023
Angelo St.,/teams/544927,544927,2023
Ark.-Monticello,/teams/544877,544877,2023
Arkansas Tech,/teams/545004,545004,2023
Ashland,/teams/544928,544928,2023
Assumption,/teams/544929,544929,2023
Augustana (SD),/teams/544930,544930,2023
Barton,/teams/544894,544894,2023
Bemidji St.,/teams/544931,544931,2023
Benedict,/teams/544932,544932,2023
Bentley,/teams/544933,544933,2023
Black Hills St.,/teams/544914,544914,2023
Bloomsburg,/teams/544934,544934,2023
Bluefield St.,/teams/544895,544895,2023
Bowie St.,/teams/544935,544935,2023
CSU Pueblo,/teams/544872,544872,2023
California (PA),/teams/544936,544936,2023
Carson-Newman,/teams/545005,545005,2023
Catawba,/teams/545006,545006,2023
Central Mo.,/teams/544937,544937,2023
Central Okla.,/teams/545007,545007,2023
Central St. (OH),/teams/544904,544904,2023
Central Wash.,/teams/545008,545008,2023
Chadron St.,/teams/545009,545009,2023
Charleston (WV),/teams/544844,544844,2023
Chowan,/teams/544881,544881,2023
Clarion,/teams/544938,544938,2023
Clark Atlanta,/teams/544939,544939,2023
Colo. Sch. of Mines,/teams/544940,544940,2023
Colorado Mesa,/teams/544890,544890,2023
Concord,/teams/544845,544845,2023
Concordia-St. Paul,/teams/544886,544886,2023
Davenport,/teams/544924,544924,2023
Delta St.,/teams/544941,544941,2023
East Central,/teams/544882,544882,2023
East Stroudsburg,/teams/544942,544942,2023
Eastern N.M.,/teams/544944,544944,2023
Edinboro,/teams/544945,544945,2023
Edward Waters,/teams/544896,544896,2023
Elizabeth City St.,/teams/544946,544946,2023
Emory & Henry,/teams/544897,544897,2023
Emporia St.,/teams/544846,544846,2023
Erskine,/teams/544893,544893,2023
Fairmont St.,/teams/544847,544847,2023
Fayetteville St.,/teams/544947,544947,2023
Ferris St.,/teams/544948,544948,2023
Findlay,/teams/544848,544848,2023
Fort Hays St.,/teams/544883,544883,2023
Fort Lewis,/teams/544849,544849,2023
Fort Valley St.,/teams/544949,544949,2023
Franklin Pierce,/teams/544892,544892,2023
Frostburg St.,/teams/544891,544891,2023
Gannon,/teams/544950,544950,2023
Glenville St.,/teams/544850,544850,2023
Grand Valley St.,/teams/544951,544951,2023
Harding,/teams/544851,544851,2023
Henderson St.,/teams/544852,544852,2023
Hillsdale,/teams/544952,544952,2023
Indiana (PA),/teams/544953,544953,2023
Johnson C. Smith,/teams/544955,544955,2023
Kentucky St.,/teams/544956,544956,2023
Kutztown,/teams/544958,544958,2023
Ky. Wesleyan,/teams/544957,544957,2023
Lake Erie,/teams/544873,544873,2023
Lane,/teams/544959,544959,2023
Lenoir-Rhyne,/teams/544854,544854,2023
Limestone,/teams/544855,544855,2023
Lincoln (MO),/teams/544960,544960,2023
Lincoln (PA),/teams/544961,544961,2023
Livingstone,/teams/544963,544963,2023
Lock Haven,/teams/544964,544964,2023
MSU Moorhead,/teams/544858,544858,2023
Mars Hill,/teams/544856,544856,2023
Mary,/teams/544906,544906,2023
McKendree,/teams/544916,544916,2023
Mercyhurst,/teams/544966,544966,2023
Michigan Tech,/teams/544967,544967,2023
Midwestern St.,/teams/544857,544857,2023
Miles,/teams/544968,544968,2023
Millersville,/teams/544969,544969,2023
Minn. Duluth,/teams/544970,544970,2023
Minnesota St.,/teams/544965,544965,2023
Minot St.,/teams/544910,544910,2023
Mississippi Col.,/teams/544971,544971,2023
Missouri S&T,/teams/544972,544972,2023
Missouri Western,/teams/544885,544885,2023
Mo. Southern St.,/teams/544884,544884,2023
Morehouse,/teams/544973,544973,2023
N.M. Highlands,/teams/544878,544878,2023
Neb.-Kearney,/teams/544853,544853,2023
New Haven,/teams/544974,544974,2023
Newberry,/teams/544859,544859,2023
North Greenville,/teams/544887,544887,2023
Northeastern St.,/teams/544902,544902,2023
Northern Mich.,/teams/544976,544976,2023
Northern St.,/teams/544860,544860,2023
Northwest Mo. St.,/teams/544977,544977,2023
Northwestern Okla.,/teams/544921,544921,2023
Northwood,/teams/544978,544978,2023
Notre Dame (OH),/teams/544911,544911,2023
Ohio Dominican,/teams/544908,544908,2023
Okla. Baptist,/teams/544923,544923,2023
Ouachita Baptist,/teams/544861,544861,2023
Pace,/teams/544979,544979,2023
Pittsburg St.,/teams/544862,544862,2023
Post,/teams/546179,546179,2023
Quincy,/teams/544981,544981,2023
Saginaw Valley,/teams/544982,544982,2023
Saint Augustine's,/teams/544984,544984,2023
Savannah St.,/teams/544900,544900,2023
Seton Hill,/teams/544905,544905,2023
Shaw,/teams/544985,544985,2023
Shepherd,/teams/544889,544889,2023
Shippensburg,/teams/544986,544986,2023
Shorter,/teams/544919,544919,2023
Simon Fraser,/teams/544912,544912,2023
Sioux Falls,/teams/544913,544913,2023
Slippery Rock,/teams/544987,544987,2023
South Dakota Mines,/teams/544917,544917,2023
Southeastern Okla.,/teams/544863,544863,2023
Southern Ark.,/teams/544864,544864,2023
Southern Conn. St.,/teams/544988,544988,2023
Southern Nazarene,/teams/544920,544920,2023
Southwest Baptist,/teams/544874,544874,2023
Southwest Minn. St.,/teams/544879,544879,2023
Southwestern Okla.,/teams/544880,544880,2023
St. Anselm,/teams/544983,544983,2023
Tex. A&M-Kingsville,/teams/544990,544990,2023
Tex. Permian Basin,/teams/544907,544907,2023
Tiffin,/teams/544865,544865,2023
Truman St.,/teams/544975,544975,2023
Tusculum,/teams/544903,544903,2023
Tuskegee,/teams/544991,544991,2023
UIndy,/teams/544954,544954,2023
UNC Pembroke,/teams/544980,544980,2023
UVA Wise,/teams/544922,544922,2023
Upper Iowa,/teams/544992,544992,2023
Valdosta St.,/teams/544993,544993,2023
Virginia St.,/teams/544994,544994,2023
Virginia Union,/teams/544995,544995,2023
Walsh,/teams/544918,544918,2023
Washburn,/teams/544876,544876,2023
Wayne St. (MI),/teams/544996,544996,2023
Wayne St. (NE),/teams/544866,544866,2023
West Ala.,/teams/544962,544962,2023
West Chester,/teams/544997,544997,2023
West Florida,/teams/544901,544901,2023
West Ga.,/teams/544998,544998,2023
West Liberty,/teams/544867,544867,2023
West Tex. A&M,/teams/544999,544999,2023
West Va. Wesleyan,/teams/544888,544888,2023
West Virginia St.,/teams/544868,544868,2023
Western Colo.,/teams/544875,544875,2023
Western N.M.,/teams/544869,544869,2023
Western Ore.,/teams/544870,544870,2023
Wheeling,/teams/544899,544899,2023
William Jewell,/teams/544909,544909,2023
Wingate,/teams/544871,544871,2023
Winona St.,/teams/545000,545000,2023
Winston-Salem,/teams/545001,545001,2023
Adams St.,/teams/557980,557980,2024
Albany St. (GA),/teams/557893,557893,2024
Alderson Broaddus,/teams/557981,557981,2024
Allen,/teams/557844,557844,2024
American Int'l,/teams/557895,557895,2024
Angelo St.,/teams/557897,557897,2024
Ark.-Monticello,/teams/557795,557795,2024
Arkansas Tech,/teams/557982,557982,2024
Ashland,/teams/557899,557899,2024
Assumption,/teams/557900,557900,2024
Augustana (SD),/teams/557902,557902,2024
Barton,/teams/557837,557837,2024
Bemidji St.,/teams/557904,557904,2024
Benedict,/teams/557906,557906,2024
Bentley,/teams/557908,557908,2024
Black Hills St.,/teams/557875,557875,2024
Bloomsburg,/teams/557910,557910,2024
Bluefield St.,/teams/557839,557839,2024
Bowie St.,/teams/557911,557911,2024
CSU Pueblo,/teams/557780,557780,2024
California (PA),/teams/557913,557913,2024
Carson-Newman,/teams/557983,557983,2024
Catawba,/teams/557984,557984,2024
Central Mo.,/teams/557915,557915,2024
Central Okla.,/teams/557985,557985,2024
Central St. (OH),/teams/557856,557856,2024
Central Wash.,/teams/557986,557986,2024
Chadron St.,/teams/557987,557987,2024
Charleston (WV),/teams/557988,557988,2024
Chowan,/teams/557807,557807,2024
Clarion,/teams/557917,557917,2024
Clark Atlanta,/teams/557919,557919,2024
Colo. Sch. of Mines,/teams/557920,557920,2024
Colorado Mesa,/teams/557829,557829,2024
Concord,/teams/557989,557989,2024
Concordia-St. Paul,/teams/557819,557819,2024
Davenport,/teams/557891,557891,2024
Delta St.,/teams/557921,557921,2024
East Central,/teams/557810,557810,2024
East Stroudsburg,/teams/557922,557922,2024
Eastern N.M.,/teams/557923,557923,2024
Edinboro,/teams/557924,557924,2024
Edward Waters,/teams/557841,557841,2024
Elizabeth City St.,/teams/557925,557925,2024
Emory & Henry,/teams/557843,557843,2024
Emporia St.,/teams/557990,557990,2024
Erskine,/teams/557835,557835,2024
Fairmont St.,/teams/557991,557991,2024
Fayetteville St.,/teams/557926,557926,2024
Ferris St.,/teams/557927,557927,2024
Findlay,/teams/557992,557992,2024
Fort Hays St.,/teams/557812,557812,2024
Fort Lewis,/teams/557993,557993,2024
Fort Valley St.,/teams/557928,557928,2024
Franklin Pierce,/teams/557833,557833,2024
Frostburg St.,/teams/557831,557831,2024
Gannon,/teams/557929,557929,2024
Glenville St.,/teams/557994,557994,2024
Grand Valley St.,/teams/557930,557930,2024
Harding,/teams/557995,557995,2024
Henderson St.,/teams/557996,557996,2024
Hillsdale,/teams/557931,557931,2024
Indiana (PA),/teams/557932,557932,2024
Johnson C. Smith,/teams/557934,557934,2024
Kentucky St.,/teams/557935,557935,2024
Kutztown,/teams/557937,557937,2024
Ky. Wesleyan,/teams/557936,557936,2024
Lake Erie,/teams/557783,557783,2024
Lane,/teams/557938,557938,2024
Lenoir-Rhyne,/teams/557998,557998,2024
Limestone,/teams/557999,557999,2024
Lincoln (MO),/teams/557939,557939,2024
Lincoln (PA),/teams/557940,557940,2024
Livingstone,/teams/557942,557942,2024
Lock Haven,/teams/557943,557943,2024
MSU Moorhead,/teams/558002,558002,2024
Mars Hill,/teams/558000,558000,2024
Mary,/teams/557860,557860,2024
McKendree,/teams/557877,557877,2024
Mercyhurst,/teams/557945,557945,2024
Michigan Tech,/teams/557946,557946,2024
Midwestern St.,/teams/558001,558001,2024
Miles,/teams/557947,557947,2024
Millersville,/teams/557948,557948,2024
Minn. Duluth,/teams/557949,557949,2024
Minnesota St.,/teams/557944,557944,2024
Minot St.,/teams/557868,557868,2024
Mississippi Col.,/teams/557950,557950,2024
Missouri S&T,/teams/557951,557951,2024
Missouri Western,/teams/557816,557816,2024
Mo. Southern St.,/teams/557814,557814,2024
Morehouse,/teams/557952,557952,2024
N.M. Highlands,/teams/557799,557799,2024
Neb.-Kearney,/teams/557997,557997,2024
New Haven,/teams/557953,557953,2024
Newberry,/teams/558003,558003,2024
North Greenville,/teams/557822,557822,2024
Northeastern St.,/teams/557852,557852,2024
Northern Mich.,/teams/557955,557955,2024
Northern St.,/teams/558004,558004,2024
Northwest Mo. St.,/teams/557956,557956,2024
Northwestern Okla.,/teams/557885,557885,2024
Northwood,/teams/557957,557957,2024
Notre Dame (OH),/teams/557869,557869,2024
Ohio Dominican,/teams/557864,557864,2024
Okla. Baptist,/teams/557889,557889,2024
Ouachita Baptist,/teams/558005,558005,2024
Pace,/teams/557958,557958,2024
Pittsburg St.,/teams/558006,558006,2024
Post,/teams/558011,558011,2024
Quincy,/teams/557960,557960,2024
Saginaw Valley,/teams/557961,557961,2024
Saint Augustine's,/teams/557963,557963,2024
Savannah St.,/teams/557848,557848,2024
Seton Hill,/teams/557858,557858,2024
Shaw,/teams/557964,557964,2024
Shepherd,/teams/557828,557828,2024
Shippensburg,/teams/557965,557965,2024
Shorter,/teams/557882,557882,2024
Sioux Falls,/teams/557873,557873,2024
Slippery Rock,/teams/557966,557966,2024
South Dakota Mines,/teams/557878,557878,2024
Southeastern Okla.,/teams/558007,558007,2024
Southern Ark.,/teams/558008,558008,2024
Southern Conn. St.,/teams/557967,557967,2024
Southern Nazarene,/teams/557884,557884,2024
Southwest Baptist,/teams/557787,557787,2024
Southwest Minn. St.,/teams/557802,557802,2024
Southwestern Okla.,/teams/557805,557805,2024
St. Anselm,/teams/557962,557962,2024
Sul Ross St.,/teams/558145,558145,2024
Tex. A&M-Kingsville,/teams/557968,557968,2024
Tex. Permian Basin,/teams/557862,557862,2024
Thomas More,/teams/563026,563026,2024
Tiffin,/teams/558009,558009,2024
Truman St.,/teams/557954,557954,2024
Tusculum,/teams/557854,557854,2024
Tuskegee,/teams/557969,557969,2024
UIndy,/teams/557933,557933,2024
UNC Pembroke,/teams/557959,557959,2024
UVA Wise,/teams/557887,557887,2024
Upper Iowa,/teams/557970,557970,2024
Valdosta St.,/teams/557971,557971,2024
Virginia St.,/teams/557972,557972,2024
Virginia Union,/teams/557973,557973,2024
Walsh,/teams/557880,557880,2024
Washburn,/teams/557791,557791,2024
Wayne St. (MI),/teams/557974,557974,2024
Wayne St. (NE),/teams/558010,558010,2024
West Ala.,/teams/557941,557941,2024
West Chester,/teams/557975,557975,2024
West Florida,/teams/557850,557850,2024
West Ga.,/teams/557976,557976,2024
West Liberty,/teams/557766,557766,2024
West Tex. A&M,/teams/557977,557977,2024
West Va. Wesleyan,/teams/557825,557825,2024
West Virginia St.,/teams/557768,557768,2024
Western Colo.,/teams/557789,557789,2024
Western N.M.,/teams/557771,557771,2024
Western Ore.,/teams/557773,557773,2024
Wheeling,/teams/557846,557846,2024
William Jewell,/teams/557866,557866,2024
Wingate,/teams/557777,557777,2024
Winona St.,/teams/557978,557978,2024
Winston-Salem,/teams/557979,557979,2024
Adams St.,/teams/589284,589284,2025
Albany St. (GA),/teams/589217,589217,2025
Allen,/teams/589355,589355,2025
American Int'l,/teams/589218,589218,2025
Anderson (SC),/teams/593347,593347,2025
Angelo St.,/teams/589219,589219,2025
Ark.-Monticello,/teams/589334,589334,2025
Arkansas Tech,/teams/589286,589286,2025
Ashland,/teams/589220,589220,2025
Assumption,/teams/589221,589221,2025
Augustana (SD),/teams/589222,589222,2025
Barton,/teams/589351,589351,2025
Bemidji St.,/teams/589223,589223,2025
Benedict,/teams/589224,589224,2025
Bentley,/teams/589225,589225,2025
Black Hills St.,/teams/589207,589207,2025
Bloomsburg,/teams/589226,589226,2025
Bluefield St.,/teams/589352,589352,2025
Bowie St.,/teams/589227,589227,2025
CSU Pueblo,/teams/589329,589329,2025
California (PA),/teams/589228,589228,2025
Carson-Newman,/teams/589287,589287,2025
Catawba,/teams/589288,589288,2025
Central Mo.,/teams/589229,589229,2025
Central Okla.,/teams/589289,589289,2025
Central St. (OH),/teams/589361,589361,2025
Central Wash.,/teams/589290,589290,2025
Chadron St.,/teams/589291,589291,2025
Charleston (WV),/teams/589292,589292,2025
Chowan,/teams/589338,589338,2025
Clarion,/teams/589230,589230,2025
Clark Atlanta,/teams/589231,589231,2025
Colo. Sch. of Mines,/teams/589232,589232,2025
Colorado Mesa,/teams/589347,589347,2025
Concord,/teams/589293,589293,2025
Concordia-St. Paul,/teams/589343,589343,2025
Davenport,/teams/589216,589216,2025
Delta St.,/teams/589233,589233,2025
East Central,/teams/589339,589339,2025
East Stroudsburg,/teams/589234,589234,2025
Eastern N.M.,/teams/589235,589235,2025
Edinboro,/teams/589236,589236,2025
Edward Waters,/teams/589353,589353,2025
Elizabeth City St.,/teams/589237,589237,2025
Emory & Henry,/teams/589354,589354,2025
Emporia St.,/teams/589294,589294,2025
Erskine,/teams/589350,589350,2025
Fairmont St.,/teams/589295,589295,2025
Fayetteville St.,/teams/589316,589316,2025
Ferris St.,/teams/589317,589317,2025
Findlay,/teams/589296,589296,2025
Fort Hays St.,/teams/589340,589340,2025
Fort Lewis,/teams/589297,589297,2025
Fort Valley St.,/teams/589318,589318,2025
Franklin Pierce,/teams/589349,589349,2025
Frostburg St.,/teams/589348,589348,2025
Gannon,/teams/589319,589319,2025
Glenville St.,/teams/589298,589298,2025
Grand Valley St.,/teams/589320,589320,2025
Harding,/teams/589299,589299,2025
Henderson St.,/teams/589300,589300,2025
Hillsdale,/teams/589321,589321,2025
Indiana (PA),/teams/589322,589322,2025
Johnson C. Smith,/teams/589238,589238,2025
Kentucky St.,/teams/589239,589239,2025
Kutztown,/teams/589241,589241,2025
Ky. Wesleyan,/teams/589240,589240,2025
Lake Erie,/teams/589330,589330,2025
Lane,/teams/589242,589242,2025
Lenoir-Rhyne,/teams/589302,589302,2025
Limestone,/teams/589303,589303,2025
Lincoln (MO),/teams/589243,589243,2025
Lincoln (PA),/teams/589244,589244,2025
Livingstone,/teams/589246,589246,2025
Lock Haven,/teams/589247,589247,2025
MSU Moorhead,/teams/589306,589306,2025
Mars Hill,/teams/589304,589304,2025
Mary,/teams/589200,589200,2025
McKendree,/teams/589208,589208,2025
Michigan Tech,/teams/589250,589250,2025
Midwestern St.,/teams/589305,589305,2025
Miles,/teams/589251,589251,2025
Millersville,/teams/589252,589252,2025
Minn. Duluth,/teams/589253,589253,2025
Minnesota St.,/teams/589248,589248,2025
Minot St.,/teams/589204,589204,2025
Mississippi Col.,/teams/589254,589254,2025
Missouri S&T,/teams/589255,589255,2025
Missouri Western,/teams/589342,589342,2025
Mo. Southern St.,/teams/589341,589341,2025
Morehouse,/teams/589256,589256,2025
N.M. Highlands,/teams/589335,589335,2025
Neb.-Kearney,/teams/589301,589301,2025
New Haven,/teams/589257,589257,2025
Newberry,/teams/589307,589307,2025
North Greenville,/teams/589344,589344,2025
Northeastern St.,/teams/589359,589359,2025
Northern Mich.,/teams/589259,589259,2025
Northern St.,/teams/589308,589308,2025
Northwest Mo. St.,/teams/589260,589260,2025
Northwestern Okla.,/teams/589213,589213,2025
Northwood,/teams/589261,589261,2025
Ohio Dominican,/teams/589202,589202,2025
Okla. Baptist,/teams/589215,589215,2025
Ouachita Baptist,/teams/589309,589309,2025
Pace,/teams/589262,589262,2025
Pittsburg St.,/teams/589310,589310,2025
Post,/teams/589315,589315,2025
Quincy,/teams/589264,589264,2025
Roosevelt,/teams/593844,593844,2025
Saginaw Valley,/teams/589265,589265,2025
Savannah St.,/teams/589357,589357,2025
Seton Hill,/teams/589199,589199,2025
Shaw,/teams/589268,589268,2025
Shepherd,/teams/589346,589346,2025
Shippensburg,/teams/589269,589269,2025
Shorter,/teams/589211,589211,2025
Sioux Falls,/teams/589206,589206,2025
Slippery Rock,/teams/589270,589270,2025
South Dakota Mines,/teams/589209,589209,2025
Southeastern Okla.,/teams/589311,589311,2025
Southern Ark.,/teams/589312,589312,2025
Southern Conn. St.,/teams/589271,589271,2025
Southern Nazarene,/teams/589212,589212,2025
Southwest Baptist,/teams/589331,589331,2025
Southwest Minn. St.,/teams/589336,589336,2025
Southwestern Okla.,/teams/589337,589337,2025
St. Anselm,/teams/589266,589266,2025
Sul Ross St.,/teams/589363,589363,2025
Tex. A&M-Kingsville,/teams/589272,589272,2025
Tex. Permian Basin,/teams/589201,589201,2025
Thomas More,/teams/589362,589362,2025
Tiffin,/teams/589313,589313,2025
Truman St.,/teams/589258,589258,2025
Tusculum,/teams/589360,589360,2025
Tuskegee,/teams/589273,589273,2025
UIndy,/teams/589323,589323,2025
UNC Pembroke,/teams/589263,589263,2025
UVA Wise,/teams/589214,589214,2025
Upper Iowa,/teams/589274,589274,2025
Valdosta St.,/teams/589275,589275,2025
Virginia St.,/teams/589276,589276,2025
Virginia Union,/teams/589277,589277,2025
Walsh,/teams/589210,589210,2025
Washburn,/teams/589333,589333,2025
Wayne St. (MI),/teams/589278,589278,2025
Wayne St. (NE),/teams/589314,589314,2025
West Ala.,/teams/589245,589245,2025
West Chester,/teams/589279,589279,2025
West Florida,/teams/589358,589358,2025
West Liberty,/teams/589324,589324,2025
West Tex. A&M,/teams/589281,589281,2025
West Va. Wesleyan,/teams/589345,589345,2025
West Virginia St.,/teams/589325,589325,2025
Western Colo.,/teams/589332,589332,2025
Western N.M.,/teams/589326,589326,2025
Western Ore.,/teams/589327,589327,2025
Wheeling,/teams/589356,589356,2025
William Jewell,/teams/589203,589203,2025
Wingate,/teams/589328,589328,2025
Winona St.,/teams/589282,589282,2025
Winston-Salem,/teams/589283,589283,2025
